Name,AmountSubunits,CCNumber,CVV,ExpMonth,ExpYear
Mr. Grossman R Oldbuck,2879410,5375543637862918,488,11,2021
Mr. Ferdinand H Took-Brandybuck,2253551,5238569266360327,052,11,2019
Ms. Estella R Boffin,1245821,4556490107025705,653,11,2020
Mrs. Camelia G Took,110051,5320073142514321,998,4,2022
Ms. Daisy C Tûk,2213937,4556712499523363,814,5,2022
Ms. Primrose F Smallburrow,4267320,5426958001804693,140,6,2023
Mrs. Esmeralda M Button,3069758,5243405935045374,767,10,2020
Mrs. Jasmine W Burrowes,1876148,5235527148694373,231,1,2023
Mr. Hamilcar G Headstrong,3217216,4485295577573084,238,4,2023
Mrs. Amaranth M Twofoot,379449,4532165563845387,779,5,2019
Dr. Marigold T Rumble,498084,4485803955388833,485,5,2023
Mr. Lamorac B Brownlock,3769287,4532126290933995,618,2,2019
Mrs. Estella M Sandheaver,4591574,5120677996975792,066,3,2021
Mr. Trahand N Took,4558836,5214135432419229,676,4,2023
Mr. Haiduc M Galbassi,1545515,4929964182090784,304,1,2021
Ms. Cornelia C Tûk,3282873,4916905734009066,733,5,2022
Mr. Hal R Underhill,2744968,5193052004126428,520,6,2020
Mr. Theobald P Mugwort,684091,4485863514681649,895,2,2023
Mr. Matta M Tûk,4210790,5261480013817496,123,1,2019
Mr. Moro M Goold,3453331,4716152128219892,800,12,2020
Mr. Hildigrim N Gaukrogers,4878273,5455743361982717,560,5,2023
Mr. Milo G Hayward,3249956,4539892430559619,772,4,2023
Ms. Nora  M Boffin,3874911,4929346102755052,745,1,2021
Mrs. Primula W Bracegirdle,3615637,5119791418506565,400,4,2020
Ms. Grimalda T Maggot,1966378,5214845733800865,396,8,2022
Mr. Tolman M Longhole,2331109,4556032556090986,969,9,2022
Ms. Esmeralda T Clayhanger,2752072,5488241859429292,173,1,2023
Mr. Razanur M Brandagamba,3931650,4556610855277139,403,4,2020
Ms. Salvia F Lightfoot,5061588,5269637523305385,956,6,2022
Mr. Reginard N Diggle,3398971,5354394271303230,885,3,2021
Ms. Selina D Gammidge,3388344,4916321064464600,862,5,2023
Mrs. Melba C Gamgee,4884443,5362850638538776,455,4,2021
Ms. Prima B Brown,2886623,5351925360440830,497,11,2023
Mrs. Duenna C Zaragamba,3088459,4556318817637990,864,11,2023
Ms. Caramella P Maggot,741803,4539431822773122,495,1,2023
Mr. Ranugad A Brownlock,3461739,4929125600000637,695,8,2023
Ms. Esmeralda J Fairbairn,861883,5537473231199449,117,3,2019
Mr. Gorbadoc P Gamgee,4138907,4539417375543095,747,9,2020
Mr. Will P Sandyman,3758932,4916203394778596,934,11,2023
Dr. Amaranth F Tunnelly,3487780,4716662994551954,971,3,2019
Ms. Prima M Bolger,483115,4716170416140117,431,3,2021
Mrs. Grimalda M Brownlock,3842716,4485804535020409,114,5,2023
Ms. Tanta A Brown,150020,4539417273622843,136,3,2020
Ms. Pansy A Fairbairn,4723071,5190875153146653,454,11,2020
Ms. Pimpernel H Rumble,1234652,5459911563325821,539,2,2019
Mr. Hildigard A Goodchild,381907,5546976559314555,690,12,2019
Mr. Halfred A Brandybuck,872719,5539447410763991,203,11,2019
Mr. Goodwill N Smallburrow,2759062,4485582395581278,414,12,2021
Dr. Robin P Sackville-Baggins,763110,4929694277944393,500,8,2021
Dr. Mantissa F Galbassi,3061397,4929824318110957,533,12,2022
Ms. Prima G Burrowes,4913105,5132420683881528,315,2,2020
Mr. Folco M Noakes,1669721,4532771750187804,323,12,2019
Mr. Peregrin L Brandybuck,4685917,4532228025793726,436,3,2020
Ms. Daisy B Hogpen,4864712,4716594780404744,711,10,2021
Mrs. Poppy B Labingi,364449,4916805965638312,126,2,2022
Mr. Merimas E Proudfoot,4089579,4539142465222190,718,5,2022
Ms. Salvia T Button,4256333,5163813975207851,911,8,2021
Ms. Rowan M Goodchild,4979825,4556569053113290,491,7,2020
Mrs. Diamanda M Hayward,4412746,4929317077599551,341,9,2022
Mrs. Tanta P Maggot,1443734,5336932944768884,402,4,2022
Ms. Savanna G Gardner,1871718,5288934851062739,923,10,2020
Mr. Cedivar R Zaragamba,3477901,4929064023110568,252,9,2020
Mr. Bercilac B Chubb,4165704,5370436514120499,436,4,2019
Mr. Marroc P Smallburrow,2187610,4556717890007411,436,8,2020
Mrs. Mimosa R Tûk,5075024,4532072829430014,306,9,2023
Mr. Mungo D Proudfoot,724717,4485184070256290,589,8,2020
Mr. Caradas L Took-Took,4902269,5202110809168174,494,6,2021
Mr. Lotho D Took,2829479,4485731479835544,430,12,2020
Mr. Marcho N Tûk,2386269,4916338193761037,435,8,2020